T,adv_violation_rel,advantage_cell,alpha,cell,class,envelope,ess_per_step_g0,ess_per_step_g0.316,ess_per_step_g31.6,gamma_star_rel,gap_g0,gap_g0.01,gap_g0.0316,gap_g0.1,gap_g0.316,gap_g1,gap_g10,gap_g100,gap_g3.16,gap_g31.6,gap_sf,gap_uf,interior_peak,l1_violated,n,peak_over_envelope
0.5572150937030689,nan,False,0.3557440546825936,0,e01,0.03173855698967942,0.011516829390120295,0.036037222000123596,0.3340534994675332,0.0,0.0007708925950048462,0.0006923714050932617,0.0005598059140263789,0.00032713948882268085,0.00011971974779623196,3.3621152844554025e-05,2.9182915420866706e-06,2.86379845504392e-07,9.619633502766511e-06,9.098018526332297e-07,0.0008443329731715465,0.03173855698967942,False,False,5,-0.9781851643312454
0.0736311724472527,nan,False,0.2742005776367835,1,sk,0.06255327540029143,,,,0.0,0.01320200158171414,0.009646214512570639,0.005185696210375013,0.0010803080863930337,5.146527431876269e-05,6.395799044822681e-07,6.944829156196874e-10,7.703171434059186e-12,9.942915379923534e-09,6.947875608176446e-11,5.495248700526645e-10,0.06255327540029143,False,False,5,-0.8457920156723608
9.483026588386352,nan,False,0.49393180579053897,2,sk,0.7445785606904509,,,,0.0,0.3874370092476612,0.3711254029112909,0.34204786409109267,0.2774447653237555,0.16849877144979541,0.07108745487895829,0.008044971097283526,0.0008143125642406934,0.024704085402867948,0.0025676053888382677,0.13944454310428844,0.7445785606904509,False,False,5,-0.5015631358400319
0.3508539205040393,nan,False,0.08977526253170208,3,rfim,0.015685536017820856,,,,0.0,7.892538275922067e-05,7.415416981360057e-05,6.532679997117707e-05,4.6514441485512315e-05,2.3133603273328696e-05,8.616548912820932e-06,9.187624631090685e-07,9.24398002588589e-08,2.862339076314946e-06,2.9189269590279565e-07,0.007994550791914024,0.015685536017820856,False,False,6,-0.9952724491066578
0.06086719448127887,nan,False,0.2385255866102745,4,rfim,0.031354830774220854,,,,0.0,0.0017394386029651043,0.0015727124535618309,0.0012789773681106675,0.00072658416446858,0.00020481340107458834,3.014386324096119e-05,3.5353702176887936e-07,3.971940332192503e-09,3.3901694035387564e-06,3.664990255725087e-08,1.5912042516941227e-06,0.031354830774220854,False,False,5,-0.9498414625520838
1.4157601609937336,nan,False,0.6942490924655407,5,sk,0.38297990379486924,,,,0.03162277660168379,0.25154522601228313,0.2715145942309086,0.2969525632261688,0.28847847979056485,0.14518856094332544,0.059174120968597865,0.00677248590983015,0.0006872703291229687,0.02069326322506404,0.002165636935083093,0.16160780319245638,0.38297990379486924,True,False,4,-0.22462625249072643
0.7593582941776771,nan,False,0.6459617656596456,6,sk,0.14706843234870748,,,,0.03162277660168379,0.11798910836788146,0.12120234720150758,0.12337568752104178,0.07244791514602411,0.016675527989629013,0.004679100055552277,0.0004561084216330169,4.5219268786422795e-05,0.0014602015473138552,0.00014332832575125742,0.011754745876928374,0.14706843234870748,True,False,4,-0.16110013854971184
0.5382772893913133,nan,False,0.2753413564655987,7,sk,0.18533737295467279,,,,0.0,0.052742294553381086,0.048266532150020525,0.040779572583059975,0.027375776946264252,0.0133418676155177,0.004950880954832204,0.0005223019440424581,5.2463705054628385e-05,0.0016329078862038493,0.00016572971003558923,0.028337739615413082,0.18533737295467279,False,False,5,-0.7395747474966915
0.1539699717192699,nan,False,0.5214044188862467,8,sk,0.06250005335488673,,,,0.0,0.04499788841653252,0.03279739204362009,0.01747003913003542,0.003487930076144119,0.00015236556046782646,1.6480055820000672e-06,6.144706965471869e-11,1.8740564655672642e-12,8.261646700091774e-09,7.050915407091907e-12,6.342588676488958e-10,0.06250005335488673,False,False,5,-0.47524217527638735
8.993312940703674,nan,False,0.3948418306571969,9,e01,0.48017571201742615,,,,0.0,0.059490233071755605,0.05851723493026306,0.05610351978179873,0.0476897401673112,0.02892269077137577,0.011750612465120658,0.0012838695439110204,0.00012937214398478503,0.003982030560367722,0.00040836959226708824,0.2731156495447087,0.48017571201742615,False,False,5,-0.878133705088067
0.5937109948741605,nan,False,0.16659728036138294,10,sk,0.07512148423410592,0.0027995962698424497,0.0014075489379550598,0.0003197603414685446,0.0,0.001687932335262432,0.0016271895255492996,0.0015073800972585927,0.001208239737435779,0.0007039907583208382,0.00028314630127601603,3.07470861505843e-05,3.095770195082892e-06,9.553614777602082e-05,9.773909205867959e-06,0.0057199802897142105,0.07512148423410592,False,False,6,-0.9783392255605815
0.3750273265563447,nan,False,0.37893976577277794,11,e01,0.10451775978811562,,,,0.03162277660168379,0.01078838800806503,0.011013161677634109,0.011257111692533406,0.010816240995776938,0.007503915787371751,0.003237317731029754,0.0003580196803918412,3.608299136770299e-05,0.0011089717705519142,0.00011389537459138843,0.10451775978811562,0.031250379382998905,True,False,5,-0.8922947476548055
0.0932649040078703,nan,False,0.19269218079367267,12,e01,0.020360283568942594,,,,0.0,0.00016232543319216752,0.00014260349188222055,0.00010967854583698866,5.461154514496691e-05,1.333661318803081e-05,1.845847268810985e-06,2.0922998222872025e-08,2.1169321851033374e-10,2.032958763553694e-07,2.1109748393755012e-09,1.491483603288657e-10,0.020360283568942594,False,False,6,-0.9929959967699199
9.754799446402407,nan,False,0.8319966342626842,13,sk,0.8145359442654605,,,,0.1,0.4842584414025105,0.5315901301220124,0.5976899583984641,0.5978206790197713,0.3275426510817253,0.1352015102589934,0.015483239080439137,0.0015710799496012617,0.047315554250293435,0.004950709092066075,0.18610949076466665,0.8145359442654605,True,False,4,-0.26605979364252685
0.30405666046002094,nan,False,0.8109968888882253,14,rfim,0.19761871685494004,,,,0.1,0.059815045391294785,0.062196769439190724,0.06690673772888456,0.0766244553089187,0.07471848298288641,0.04282146253041064,0.0057630764776762655,0.0005945284840789267,0.016915654090012278,0.0018661377938280488,0.19761871685494004,0.03547900830164297,True,False,5,-0.6122611434363068
0.5020846904516721,nan,False,0.24873257371656468,15,sk,0.0733746306687697,,,,0.0,0.009454583647097614,0.008805569585258133,0.0076438485720075056,0.005312407158054255,0.0025924195958790808,0.0009458924855180184,9.857074472907623e-05,9.88669796220254e-06,0.00030919308365950915,3.1242581382207035e-05,0.012714527843082801,0.0733746306687697,False,False,6,-0.8799916332797839
0.18400760694137902,nan,False,0.5050497962904492,16,sk,0.16219025472638438,,,,0.03162277660168379,0.1358740022375845,0.14575433728792853,0.1552420639211186,0.08553603426732181,0.016122457054639994,0.002256182933677353,0.00013636871846856025,1.3260021159422486e-05,0.0004757465669308347,4.2178717952645606e-05,0.0033775275542033967,0.16219025472638438,True,False,4,-0.04283975518126781
0.6258283091865198,nan,False,0.582767049136583,17,rfim,0.11819720267009282,,,,0.0,0.10085055102385354,0.09845249507792342,0.09317879624774394,0.07344644028581127,0.04215056264553829,0.018251473662307283,0.0021480867784196,0.0002185741456486312,0.006520415240961919,0.0006882997740217389,0.11819720267009282,0.055238932178485745,False,False,5,-0.16704885687760318
1.7183136291981909,nan,False,0.5539940245625232,18,rfim,0.07122589532199708,,,,0.0,0.06213816372020031,0.05887459592732569,0.05273427190852065,0.03919246116457831,0.020967456814100394,0.008244345206239845,0.0009041878513352808,9.123791366216771e-05,0.002797454874719829,0.0002878965037511616,0.07122589532199708,0.06159853444266061,False,False,6,-0.1734102370891064
0.08977811109226587,0.0008675038120424737,True,0.8041442090865628,19,sk,0.07944075378589299,,,,0.01,0.07944075378589299,0.07950966894263378,0.07768551823836556,0.018496753890903217,0.001391425018131609,6.145535228352372e-05,9.287053071016516e-08,5.294282789947147e-10,2.3688649131159423e-06,4.911401396689996e-09,8.489725733529241e-08,0.07078989481014752,True,False,5,0.0008675038120424805
0.0676885662516777,nan,False,0.8724448800389192,20,sk,0.13756262312344947,0.4234690541817705,0.00781632221038292,0.3372887486815865,0.1,0.06263417420608652,0.06785609283912997,0.08019751449928392,0.0958011529763042,0.014827483528968899,0.0018560793820521226,2.9846153335566505e-05,5.508443173818378e-07,0.00024468923541798304,3.7537176135193917e-06,4.711228322429317e-05,0.13756262312344947,True,False,4,-0.3035815194485517
0.9348257169831476,nan,False,0.540726396139442,21,e01,0.04052997490875632,,,,0.0,0.028394916766077305,0.026586035207681213,0.023221344584209103,0.01608367980181602,0.007569540599795976,0.0026668862040737373,0.00027271349062030215,2.729793198685826e-05,0.000859506816180966,8.630544720245048e-05,0.026439315121830287,0.04052997490875632,False,False,6,-0.3440401760047125
1.2591540390654363,nan,False,0.987747297754846,22,rfim,0.09166001944122659,,,,0.1,0.03912268255499207,0.0407886015104334,0.044028172616760286,0.04930705275704028,0.04188311205418793,0.021094158004205887,0.0026097243626801436,0.0002666204554776508,0.007838580089272185,0.0008388039055371443,0.09166001944122659,0.030090829196588453,True,False,6,-0.46206587062032534
0.9615818442507543,nan,False,0.2107088718151868,23,sk,0.37343863284639744,,,,0.0,0.02337974472543136,0.02255641152368626,0.021145189851811796,0.018139814040996516,0.011999197594062316,0.0048233368819208255,0.00047145093126010895,4.663504692636877e-05,0.001519478071956737,0.0001478829841031759,0.046843356447522244,0.37343863284639744,False,False,4,-0.9395980770608591
6.315970008925357,nan,False,0.3709722986255568,24,e01,0.504173330104116,,,,0.0,0.11444844117814801,0.11248307211025277,0.10760503639605712,0.09078311863447452,0.05437276720717821,0.021935038372705717,0.0023979713378264877,0.0002417275994334167,0.00743280844974159,0.0007629519940711704,0.2863670748317766,0.504173330104116,False,False,5,-0.7768960288180573
9.04565261540111,nan,False,0.2284613819511816,25,e01,0.4723200326933539,,,,0.03162277660168379,0.008717848955345997,0.008905807793985088,0.009097776705368266,0.008677918723602795,0.005927511119932616,0.0025270127473510096,0.0002774191595630304,2.79359212417285e-05,0.0008609931701487605,8.81974469564284e-05,0.2357228420318449,0.4723200326933539,True,False,5,-0.9807381095959679
6.789129935829479,nan,False,0.09255635226840526,26,sk,0.7222679212521744,,,,0.03162277660168379,0.007027607452404827,0.007253338700078271,0.00741820893316103,0.006462919527666533,0.004271850825986578,0.0018714770181775808,0.00020758518619334865,2.090456986425515e-05,0.0006435866312013427,6.599933603212982e-05,0.241805812927937,0.7222679212521744,True,False,5,-0.989729283670386
0.5875764338396751,nan,False,0.7376671576894818,27,sk,0.20168661642316998,,,,0.03162277660168379,0.14226540470734161,0.15632329348836993,0.17184853225060925,0.14773271001794108,0.03862434099229306,0.009743854540036456,0.0009260670355264455,9.293379231456456e-05,0.0029292381768097897,0.0002935688246746837,0.021710954950394323,0.20168661642316998,True,False,4,-0.14794280702273166
0.09439560629169605,-0.000195706411874275,True,0.8615029839817069,28,sk,0.07129759706250194,,,,0.0,0.07129759706250194,0.07128364366560558,0.06947110204700802,0.014544212474382534,0.0005831317371849387,7.028558985711086e-06,3.774885959373364e-10,6.272760089132134e-14,5.117688528510911e-08,3.5069724901859445e-12,4.85500528668581e-13,0.06335300399643595,False,False,5,-0.00019570641187427462
4.669481858178906,nan,False,0.6562501589506865,29,rfim,0.40991457337046666,,,,0.0,0.3415163351980586,0.33428794908440684,0.3110626530857947,0.24378780225650876,0.1400230971502585,0.05816726412796824,0.0066221413637681525,0.0006712568641379368,0.020279612959519078,0.002115770504621084,0.21693641566068367,0.40991457337046666,False,False,5,-0.1844936218398634
0.36717620787771027,nan,False,0.3537182468025383,30,sk,0.12842726755763523,0.04436611263945219,0.003872338763125767,0.0011410051253332055,0.0,0.07296053933196844,0.06049046460397367,0.042431467893420005,0.01895841814915422,0.005543976180913512,0.0016073452341296424,0.0001653793634163181,1.6694334232458807e-05,0.0005143437952294105,5.266531482595038e-05,0.006526681377780341,0.12842726755763523,False,False,5,-0.5289904881233503
0.06513268349830666,nan,False,0.6491175227088125,31,e01,0.031250000334994366,,,,0.0,0.0279229552775061,0.02629644097337458,0.023087644213874436,0.015514856259991827,0.005757383688953621,0.001077969720733818,1.4623366209276512e-05,1.5097217842541255e-07,0.00013558529175039524,1.4981657288082317e-06,9.048317650695026e-14,0.031250000334994366,False,False,5,-0.15851389787259274
2.622907080044044,nan,False,0.11731686391478371,32,rfim,0.19604425226437305,,,,0.03162277660168379,0.003184952006368813,0.003295311422520819,0.003432834767501114,0.003374126857592419,0.0023567583004205916,0.0010116156437255386,0.00011117806460114732,1.1195567362731751e-05,0.00034501851660451166,3.534597083476587e-05,0.1798361888686315,0.19604425226437305,True,False,4,-0.9824894903683694
1.0480465681695403,nan,False,0.390645940081794,33,rfim,0.09497823196780475,,,,0.0,0.015744526391065605,0.014740704900032542,0.012933805032571466,0.009232534889389576,0.004699294865751491,0.0017834480335945369,0.00019148950099223683,1.9276475255902703e-05,0.0005957293376113171,6.0860985085287034e-05,0.024744060180316163,0.09497823196780475,False,False,6,-0.8447991229713638
0.05390046869073257,-0.05471683578759943,True,0.7033793743086306,34,rfim,0.039408699667081604,,,,0.0,0.039408699667081604,0.037252380318795075,0.0331160344642506,0.023357864438896758,0.009610875047516343,0.0019877680951370102,2.8951762207074516e-05,3.014898007913658e-07,0.00026325790307779595,2.9855361041164485e-06,1.0902390101819037e-13,0.03125049903529031,False,False,5,-0.05471683578759945
0.07445217348297006,nan,False,0.05299346963260976,35,e01,0.031250000000175415,,,,0.0,3.51876694448805e-07,3.1293744839899773e-07,2.4655314745380963e-07,1.3008968113847885e-07,3.445035190452472e-08,4.960042709889478e-09,5.775291356258094e-11,7.183142969324763e-13,5.517243328867494e-10,6.145861597417479e-12,4.374299822362815e-08,0.031250000000175415,False,False,5,-0.9999899860016513
7.403335923085372,nan,False,0.38874642681129384,36,sk,0.7652967420212257,,,,0.0,0.4027877201527593,0.38660621266990003,0.35638158073697146,0.2856711965445552,0.1696852708399591,0.07080711540040374,0.007972279439000363,0.0008065140021549233,0.024512359746503676,0.002543351069334343,0.13856606994086085,0.7652967420212257,False,False,5,-0.49482835684255744
1.4643392015368777,nan,False,0.3668340217330696,37,rfim,0.16583835686148107,,,,0.0,0.05009475567603516,0.04724362466661769,0.042011011390410746,0.030942437707535797,0.016550648254510247,0.006494644393812532,0.0007076128673296767,7.13296007044395e-05,0.0021940013221517507,0.00022513346529628997,0.07735436754354319,0.16583835686148107,False,False,5,-0.7151224507965994
0.08227993008162268,nan,False,0.7589761491981091,38,e01,0.1964693688965663,,,,0.1,0.05299253883169275,0.05514282431496398,0.05934241213064384,0.06785563399641925,0.06636752872608731,0.03985339051982828,0.00557323338502036,0.0005771301750775448,0.016213027360751475,0.0018097884449276291,0.1964693688965663,0.03127644869497059,True,False,5,-0.6546248691207295
0.7989545738809214,nan,False,0.09887760171607599,39,e01,0.1207529478264282,,,,0.31622776601683794,0.0004773369481693157,0.000546335731770986,0.0006759804263016811,0.0009319764632754746,0.000978843300635912,0.0005155017188023248,5.915210973417295e-05,5.9591679055781555e-06,0.00018275715916649116,1.881345719623173e-05,0.1207529478264282,0.09412181303142764,True,False,4,-0.9918938351547085
3.0800742588392733,nan,False,0.8987408494153326,40,rfim,0.15537387622125887,0.117546456102834,0.05549007736984111,0.0008003072251873479,0.03162277660168379,0.13525416427177128,0.1366527525983755,0.13879555031858026,0.1373342974595304,0.0989896880039246,0.04462241547107659,0.005247726835313382,0.0005336395051032117,0.015947051623607766,0.0016807194994074015,0.15537387622125887,0.1535752391476506,True,False,5,-0.10669957077643077
0.2613137596771965,nan,False,0.4161421895329529,41,e01,0.03125978463699841,,,,0.0,0.00024376301633788344,0.0002086065762164635,0.00015461444158659798,7.639218879507137e-05,2.4396694152772902e-05,6.984148697486425e-06,6.598573981664302e-07,6.564533849839904e-08,2.1142811182928156e-06,2.078427131513294e-07,0.00010115114679165593,0.03125978463699841,False,False,5,-0.9933266790338164
1.2173688728141252,nan,False,0.4063622357874177,42,e01,0.05098786947932166,,,,0.0,0.014471475516158128,0.013475877083577115,0.011708074791749512,0.008195060679256572,0.004083514191791426,0.0015284833945821141,0.00016267532356850634,1.6359233028340192e-05,0.0005072726535338967,5.166320310689976e-05,0.027925536848175114,0.05098786947932166,False,False,6,-0.7357042523802193
0.5144338262157188,nan,False,0.5162627807196639,43,sk,0.3094764155094054,,,,0.03162277660168379,0.2179784801994049,0.2368197132474803,0.25803714350517815,0.22626407447059593,0.09931024850516557,0.03486317158450991,0.003366700017653046,0.0003324724444528915,0.010870577464572206,0.0010548031393102786,0.07945295720248868,0.3094764155094054,True,False,4,-0.16621386776616576
0.2991890630842602,nan,False,0.1654090036980849,44,rfim,0.17393801201034564,,,,0.1,0.004412657533840236,0.004654832846073154,0.005012171551676214,0.00524452323470348,0.0038936821762903806,0.0017069239383636914,0.00018882474803205707,1.9026148386891428e-05,0.0005851053580470111,6.0059442282045516e-05,0.17393801201034564,0.06250011950677681,True,False,4,-0.9698483202487589
1.762104359164917,nan,False,0.2539283636134959,45,rfim,0.13982767863002454,,,,0.0,0.013976366033125243,0.013374470272919381,0.012208999951020205,0.009445212939964032,0.005250363646323697,0.0020721360121930266,0.00022507911901747946,2.267572966851983e-05,0.0006986804900522836,7.158026194009626e-05,0.06498578745483141,0.13982767863002454,False,False,6,-0.9043503374728303
0.08546620041414862,0.011719532583357272,True,0.6262238956700547,46,sk,0.08949953388089038,,,,0.01,0.08949953388089038,0.09054842658440276,0.08152508578363615,0.020279131542508044,0.0013747900464737839,3.333504255731423e-05,4.936765518603892e-08,4.2809671363386315e-09,6.047586240676139e-07,1.3705973467281751e-08,1.269292702166247e-06,0.08791156051386884,True,True,5,0.011719532583357228
0.8412591241838977,nan,False,0.14568856731437754,47,rfim,0.07708735502196895,,,,0.03162277660168379,0.0013722557909734423,0.0014294487737227524,0.00151184815132821,0.0011846367927775825,0.0006401053243715316,0.0002476285743319151,2.668265820326976e-05,2.686359096171209e-06,8.29707443829042e-05,8.481345356359249e-06,0.07708735502196895,0.016716707815743637,True,False,6,-0.9803878580229228
0.5574572288485469,nan,False,0.19542313202400785,48,e01,0.08966903734871945,,,,0.0,0.011353948154345983,0.01067205998528864,0.00941202157619625,0.006732578858215432,0.003389712361123287,0.0012779886874385582,0.00013727730638579683,1.3823028998771747e-05,0.00042687199406421517,4.3639850872745356e-05,0.08966903734871945,0.04816545819535889,False,False,6,-0.8809838903055756
0.08155623413646688,nan,False,0.16751206374858113,49,sk,0.12710591981249786,,,,0.0,5.5147937711996775e-05,5.149763317702227e-05,4.593085150594867e-05,3.117916473938109e-05,8.050981661456014e-06,5.260361208847542e-07,5.102912536969484e-10,4.919398222114069e-13,1.705382079997264e-08,1.5713985668242003e-11,6.661338147750939e-16,0.12710591981249786,False,False,4,-0.9995948447306546
