target,n,T,alpha,kernel,gap,ess_per_step,ess_per_step_se,ess_per_sec,accept_rate,split_rhat,gated_out,D3_width
chain,6,0.1,0.05,single_flip,nan,0.40602389688843915,0.1464756703378839,71198.98634896704,4.000000000000001e-05,69.64059131717835,True,15.234327978711748
chain,6,0.1,0.05,uniform,nan,0.008401942020747075,0.0018756074870215217,1471.046494220203,0.0158,1.0034507981251977,False,15.234327978711748
chain,6,0.1,0.05,walk_g0,4.183877466701347e-09,0.20076983466092538,0.1787134988933447,30610.42021350623,0.9978279999999999,5.107076376793857,True,15.234327978711748
chain,6,0.1,0.05,walk_g0.03,2.9483936403451594e-09,0.2009209980868162,0.17867968990380637,31250.04742718907,0.9980439999999999,5.489608053154101,True,15.234327978711748
chain,6,0.1,0.05,walk_g0.1,1.5040203527050267e-09,0.20014231993571166,0.17885361730106772,30895.16252098778,0.99838,2.2052264099842787,True,15.234327978711748
chain,6,0.1,0.05,walk_g0.3,4.248263962836063e-10,0.20019217300077377,0.1788425070314639,29430.124503427396,0.999,2.2118694222701993,True,15.234327978711748
chain,6,0.1,0.05,walk_g1,5.81650283493218e-11,0.20007293456795092,0.17886913017745065,30858.157132679375,0.9995799999999999,3.1136808947646473,True,15.234327978711748
chain,6,0.1,0.05,walk_g3,7.889355835288825e-12,0.4000769130962147,0.2190609392331761,62904.84978460464,0.999852,1.8062470302746407,True,15.234327978711748
chain,6,0.1,0.05,walk_g10,9.343636975245317e-13,0.4000593788326204,0.21906734138229988,62760.10269655249,0.9999559999999998,2.381957451213875,True,15.234327978711748
chain,6,0.1,0.15,single_flip,nan,0.40602389688843915,0.1464756703378839,69958.6565112225,4.000000000000001e-05,69.64059131717835,True,13.772466777311575
chain,6,0.1,0.15,uniform,nan,0.008401942020747075,0.0018756074870215217,1435.7238297463223,0.0158,1.0034507981251977,False,13.772466777311575
chain,6,0.1,0.15,walk_g0,5.021985014508346e-07,0.22312731682558645,0.17449051667912913,31655.387184289044,0.9766640000000001,11.635773660536447,True,13.772466777311575
chain,6,0.1,0.15,walk_g0.03,3.518802695889889e-07,0.22322963169728033,0.17446492152061752,34671.181481167616,0.978044,10.595595771423188,True,13.772466777311575
chain,6,0.1,0.15,walk_g0.1,1.7824224896045848e-07,0.22475515798592743,0.174113093426428,35794.09910434842,0.9814,4.217965060748217,True,13.772466777311575
chain,6,0.1,0.15,walk_g0.3,4.986755852698366e-08,0.2222215554998343,0.17471805299704868,34923.89988577171,0.9884879999999999,6.044544193527517,True,13.772466777311575
chain,6,0.1,0.15,walk_g1,6.607344893438949e-09,0.2012219242553268,0.17861230616628151,31879.25439165347,0.995512,7.21045656578266,True,13.772466777311575
chain,6,0.1,0.15,walk_g3,8.194926959248505e-10,0.20008960667819564,0.17886540159265701,31804.4568849058,0.998452,2.0612849572210097,True,13.772466777311575
chain,6,0.1,0.15,walk_g10,7.914835453703972e-11,0.20016755304575926,0.17884799342347013,30957.784025028104,0.9994759999999999,2.782888126272271,True,13.772466777311575
chain,6,0.1,0.3,single_flip,nan,0.40602389688843915,0.1464756703378839,70141.18102098141,4.000000000000001e-05,69.64059131717835,True,11.90006392296144
chain,6,0.1,0.3,uniform,nan,0.008401942020747075,0.0018756074870215217,1387.8762367202582,0.0158,1.0034507981251977,False,11.90006392296144
chain,6,0.1,0.3,walk_g0,1.7600287477770316e-05,0.03688827504388435,0.0171701145023994,5711.663038290442,0.8779159999999999,3.787585899463991,True,11.90006392296144
chain,6,0.1,0.3,walk_g0.03,1.1409770014680909e-05,0.015713411320475455,0.010750457379618513,2472.0012972114005,0.887748,2.409995385741991,True,11.90006392296144
chain,6,0.1,0.3,walk_g0.1,5.277402669756626e-06,0.006824570290254783,0.002451743058661891,1046.6374387393566,0.9068039999999999,2.929032073103633,True,11.90006392296144
chain,6,0.1,0.3,walk_g0.3,1.3979100046412896e-06,0.20626990505620899,0.17751066074304034,32849.0107802361,0.940724,3.7849974626293132,True,11.90006392296144
chain,6,0.1,0.3,walk_g1,1.851905917504837e-07,0.22173548939792692,0.17483622093781137,34776.68099750705,0.9761840000000002,9.766270973303616,True,11.90006392296144
chain,6,0.1,0.3,walk_g3,2.2990179426862767e-08,0.20039082429378802,0.17879808471376152,31852.307895077975,0.9914080000000001,3.0094752134070744,True,11.90006392296144
chain,6,0.1,0.3,walk_g10,2.162126144789056e-09,0.20081985538543706,0.17870236148403884,31697.629635287292,0.9974919999999999,3.6948051396025408,True,11.90006392296144
chain,6,0.1,0.5,single_flip,nan,0.40602389688843915,0.1464756703378839,70350.56683399645,4.000000000000001e-05,69.64059131717835,True,10.241932316991697
chain,6,0.1,0.5,uniform,nan,0.008401942020747075,0.0018756074870215217,1441.0818139632531,0.0158,1.0034507981251977,False,10.241932316991697
chain,6,0.1,0.5,walk_g0,0.0008264834451806591,0.020520465549719685,0.010955769834844168,3191.3005898620963,0.611548,1.0899540483314778,True,10.241932316991697
chain,6,0.1,0.5,walk_g0.03,0.0004321153514812437,0.023213275152518163,0.009688364612083411,3560.441995743361,0.6378280000000001,1.0279521775296605,False,10.241932316991697
chain,6,0.1,0.5,walk_g0.1,0.0001373098800130368,0.02824875723740943,0.009685033007274397,4430.184277096423,0.6921440000000001,1.0390412010560692,False,10.241932316991697
chain,6,0.1,0.5,walk_g0.3,2.3038272104258795e-05,0.06074270012318158,0.034508862003742785,9549.07717980065,0.796108,3.4729616449772314,True,10.241932316991697
chain,6,0.1,0.5,walk_g1,2.53739365663197e-06,0.2511085355803232,0.16862337065673183,39757.32523952282,0.914256,20.956643923914505,True,10.241932316991697
chain,6,0.1,0.5,walk_g3,3.1546562140327694e-07,0.25396825357847364,0.16876360329742382,37233.52479099176,0.9682639999999999,13.203979913132663,True,10.241932316991697
chain,6,0.1,0.5,walk_g10,2.990296987803731e-08,0.22239233014793797,0.17467504526403885,35416.949967370034,0.989888,7.8633441373645585,True,10.241932316991697
chain,6,0.3,0.05,single_flip,nan,0.00018523455062916883,3.2037314990618283e-05,31.470075256721884,0.007759999999999999,1.1473922610749423,True,15.234327978711748
chain,6,0.3,0.05,uniform,nan,0.011134644600941051,0.0007123596406740647,1850.5502305935654,0.023868,1.0016064080546343,False,15.234327978711748
chain,6,0.3,0.05,walk_g0,8.917588169010671e-07,0.20075975472095747,0.17871589923311704,30791.613030682252,0.997912,4.257881860335723,True,15.234327978711748
chain,6,0.3,0.05,walk_g0.03,7.443405504181655e-07,0.2008375234283973,0.17869841815941043,30924.089644587384,0.998072,4.4521511997277186,True,15.234327978711748
chain,6,0.3,0.05,walk_g0.1,5.250930638078799e-07,0.20015264822300635,0.1788513081916534,29663.771273283288,0.998396,2.122724860668708,True,15.234327978711748
chain,6,0.3,0.05,walk_g0.3,2.7162484994569525e-07,0.2001920283364182,0.17884253940550152,30804.10810880231,0.999004,2.2238302309713904,True,15.234327978711748
chain,6,0.3,0.05,walk_g1,9.68499432874026e-08,0.00013827001591385155,4.4774606736036415e-05,21.20559987455607,0.9995999999999998,2.949139093008769,True,15.234327978711748
chain,6,0.3,0.05,walk_g3,3.377766766288204e-08,0.4000769130962147,0.2190609392331761,61160.69850528132,0.999852,1.8062470302746407,True,15.234327978711748
chain,6,0.3,0.05,walk_g10,1.0283745965899982e-08,0.4000593788326204,0.21906734138229988,61538.13285268715,0.9999559999999998,2.381957451213875,True,15.234327978711748
chain,6,0.3,0.15,single_flip,nan,0.00018523455062916883,3.2037314990618283e-05,30.17429389795128,0.007759999999999999,1.1473922610749423,True,13.772466777311575
chain,6,0.3,0.15,uniform,nan,0.011134644600941051,0.0007123596406740647,1801.9315114556296,0.023868,1.0016064080546343,False,13.772466777311575
chain,6,0.3,0.15,walk_g0,1.7778242040189518e-05,0.0027134909152471366,0.0012136974030131234,213.2423831240072,0.9766320000000001,2.059919021368126,True,13.772466777311575
chain,6,0.3,0.15,walk_g0.03,1.3778574938116961e-05,0.0215173303687187,0.017561385548768352,3249.1406331110225,0.9780960000000001,2.1553910407921997,True,13.772466777311575
chain,6,0.3,0.15,walk_g0.1,8.615193732519622e-06,0.02061777207516441,0.017752530748834077,3050.444802422845,0.981424,1.9626706723813943,True,13.772466777311575
chain,6,0.3,0.15,walk_g0.3,3.787772682395385e-06,0.20151226107456469,0.17854829961863622,26785.73148765196,0.9885959999999999,2.824308657770243,True,13.772466777311575
chain,6,0.3,0.15,walk_g1,1.1726408501999686e-06,0.20123204181031026,0.17861018338047358,27841.36854925678,0.9955639999999999,5.714271204674465,True,13.772466777311575
chain,6,0.3,0.15,walk_g3,3.850229687296647e-07,0.2000963915811369,0.17886388440372025,29401.79768242427,0.9984639999999999,1.9850017404381897,True,13.772466777311575
chain,6,0.3,0.15,walk_g10,1.1445881786809053e-07,0.00023288849372215826,8.961795380788277e-05,34.00671536013876,0.999492,2.5998765343593897,True,13.772466777311575
chain,6,0.3,0.3,single_flip,nan,0.00018523455062916883,3.2037314990618283e-05,31.801870277501177,0.007759999999999999,1.1473922610749423,True,11.90006392296144
chain,6,0.3,0.3,uniform,nan,0.011134644600941051,0.0007123596406740647,1910.743239380754,0.023868,1.0016064080546343,False,11.90006392296144
chain,6,0.3,0.3,walk_g0,0.0002882180795661382,0.004329630703556722,0.003548481530121133,663.7091743418221,0.8817999999999999,1.1565093314956756,True,11.90006392296144
chain,6,0.3,0.3,walk_g0.03,0.00020631171388174607,0.002910866667399107,0.0023554426238607835,423.34356316499844,0.888608,1.4371797693354096,True,11.90006392296144
chain,6,0.3,0.3,walk_g0.1,0.00011219060198186526,0.004278087643201572,0.0022617979022923535,524.6719907592295,0.9081800000000001,1.5584204408951985,True,11.90006392296144
chain,6,0.3,0.3,walk_g0.3,3.9022621565076854e-05,0.0024513465584219203,0.0013467775891562758,372.37497400148476,0.9417479999999999,1.5378763286770822,True,11.90006392296144
chain,6,0.3,0.3,walk_g1,8.87759361756224e-06,0.2032583196533413,0.1781595945986491,31106.378167237497,0.9763040000000001,5.80648581554518,True,11.90006392296144
chain,6,0.3,0.3,walk_g3,2.39143104385775e-06,0.00042355026535869733,0.00013657290649326327,63.8993488548165,0.991424,1.8639912118144977,True,11.90006392296144
chain,6,0.3,0.3,walk_g10,6.442162416853137e-07,0.20074188756463673,0.17871973712948783,30325.895597108443,0.9975160000000001,3.1506690691406494,True,11.90006392296144
chain,6,0.3,0.5,single_flip,nan,0.00018523455062916883,3.2037314990618283e-05,31.747286434333923,0.007759999999999999,1.1473922610749423,True,10.241932316991697
chain,6,0.3,0.5,uniform,nan,0.011134644600941051,0.0007123596406740647,1893.7661328442227,0.023868,1.0016064080546343,False,10.241932316991697
chain,6,0.3,0.5,walk_g0,0.0034221340707902836,0.0025385577444215226,0.00027128684480855187,382.84382837381315,0.613524,1.007540763481358,False,10.241932316991697
chain,6,0.3,0.5,walk_g0.03,0.0022708263069468604,0.0016860303510228027,0.00015439203284740147,253.2594096753678,0.639232,1.0198686153655658,False,10.241932316991697
chain,6,0.3,0.5,walk_g0.1,0.0011161830845890508,0.0007307898421501228,8.795309761962188e-05,111.16084271105414,0.693136,1.0323636081174994,False,10.241932316991697
chain,6,0.3,0.5,walk_g0.3,0.00034328830452290404,0.0003476338034215256,6.802743457871163e-05,53.18546368840855,0.797188,1.1855054009405481,True,10.241932316991697
chain,6,0.3,0.5,walk_g1,6.258136182868412e-05,0.005707662295115974,0.0021305169498404214,855.9301345838234,0.915212,1.511908356805835,True,10.241932316991697
chain,6,0.3,0.5,walk_g3,1.2894013517117386e-05,0.002091369765789415,0.000664889964412525,295.27143615149834,0.9684799999999999,2.1243923282512815,True,10.241932316991697
chain,6,0.3,0.5,walk_g10,2.7996871128088685e-06,0.0013983123620125147,0.0009494948833108724,205.33579563640848,0.990092,1.801432545424084,True,10.241932316991697
chain,6,1.0,0.05,single_flip,nan,0.016852751638322058,0.0012422382716152016,2886.5681345669404,0.14119600000000002,1.0009242984025553,False,15.234327978711748
chain,6,1.0,0.05,uniform,nan,0.03439179688297099,0.0011542201162268557,5598.760280723402,0.076008,1.000942910101431,False,15.234327978711748
chain,6,1.0,0.05,walk_g0,6.149312996328593e-05,0.00024633901437413045,6.832178986084163e-05,38.01492105844081,0.9982279999999999,1.398796784801832,True,15.234327978711748
chain,6,1.0,0.05,walk_g0.03,5.25867965617266e-05,0.0002740973366885326,7.321386101611907e-05,41.77252231140541,0.998376,1.5990907190239299,True,15.234327978711748
chain,6,1.0,0.05,walk_g0.1,3.8498053782531905e-05,0.00019521918242152735,2.953151190253473e-05,29.136870931118427,0.998572,1.1843505928435991,True,15.234327978711748
chain,6,1.0,0.05,walk_g0.3,2.0791535559006036e-05,0.00025899251164842555,0.00013581514659221538,39.15623573801179,0.999072,1.3121240355133703,True,15.234327978711748
chain,6,1.0,0.05,walk_g1,7.613546140983196e-06,0.00013466626526349926,4.3623839330729646e-05,20.486340692303195,0.99964,1.6563966671725607,True,15.234327978711748
chain,6,1.0,0.05,walk_g3,2.6763304040722247e-06,0.4000726093407458,0.21906251129564364,60531.83267631133,0.999888,1.4965867587749546,True,15.234327978711748
chain,6,1.0,0.05,walk_g10,8.169370694366407e-07,0.4000593788326204,0.21906734138229988,60174.92258835981,0.9999559999999998,2.381957451213875,True,15.234327978711748
chain,6,1.0,0.15,single_flip,nan,0.016852751638322058,0.0012422382716152016,2780.3706672388885,0.14119600000000002,1.0009242984025553,False,13.772466777311575
chain,6,1.0,0.15,uniform,nan,0.03439179688297099,0.0011542201162268557,5674.467029946317,0.076008,1.000942910101431,False,13.772466777311575
chain,6,1.0,0.15,walk_g0,0.0007020427437121057,0.0007885107478783106,0.00011885143864972454,118.83126611373443,0.9799519999999999,1.0243988930908026,False,13.772466777311575
chain,6,1.0,0.15,walk_g0.03,0.0005952864092509946,0.0007504484655646694,0.00017365748988785806,113.31572887844675,0.9813120000000002,1.0509698115608777,True,13.772466777311575
chain,6,1.0,0.15,walk_g0.1,0.00043104085076905996,0.0005858796005340511,0.00020254686007849742,89.31702383272781,0.9846160000000002,1.0738675536112565,True,13.772466777311575
chain,6,1.0,0.15,walk_g0.3,0.00023054078965734082,0.0006394279546426353,8.52284884763578e-05,94.7552360671779,0.990248,1.0754945665556492,True,13.772466777311575
chain,6,1.0,0.15,walk_g1,8.401750080944126e-05,0.0002798608953612703,3.6796652703535315e-05,42.14059017200095,0.9962880000000001,1.193103358455962,True,13.772466777311575
chain,6,1.0,0.15,walk_g3,2.9492247449303122e-05,0.00019573695794180413,3.433118042505795e-05,28.859433986812242,0.9986439999999999,1.232467276650743,True,13.772466777311575
chain,6,1.0,0.15,walk_g10,8.997965290746812e-06,0.00012097502124185006,1.921762593802427e-05,16.933597426769204,0.999564,1.6136723180010537,True,13.772466777311575
chain,6,1.0,0.3,single_flip,nan,0.016852751638322058,0.0012422382716152016,2817.594581106037,0.14119600000000002,1.0009242984025553,False,11.90006392296144
chain,6,1.0,0.3,uniform,nan,0.03439179688297099,0.0011542201162268557,5924.107930766399,0.076008,1.000942910101431,False,11.90006392296144
chain,6,1.0,0.3,walk_g0,0.0043459310834490505,0.0043544612677358,0.00016741950344443423,651.8729357806047,0.896212,1.001360756581336,False,11.90006392296144
chain,6,1.0,0.3,walk_g0.03,0.003564992311229198,0.0034475546301609796,0.00026833487718738947,516.6616534154342,0.9042159999999999,1.0046109363749403,False,11.90006392296144
chain,6,1.0,0.3,walk_g0.1,0.002472479025057428,0.002530449785671928,0.00026829762382781056,368.70309619518696,0.9201119999999999,1.0037354056330596,False,11.90006392296144
chain,6,1.0,0.3,walk_g0.3,0.0012722996787570828,0.0012019658334687002,0.0002020353556043577,180.28937732407672,0.94862,1.01397409677526,False,11.90006392296144
chain,6,1.0,0.3,walk_g1,0.0004545070355387315,0.0006266059224155768,0.0001220991939020238,92.63477339038702,0.979368,1.0496126694795047,False,11.90006392296144
chain,6,1.0,0.3,walk_g3,0.00015853173867563797,0.00044669379291174816,7.84622571644612e-05,68.14570899507481,0.9926639999999999,1.0811457693417104,True,11.90006392296144
chain,6,1.0,0.3,walk_g10,4.825678552455859e-05,0.0004609692090053603,0.00020056434373967656,64.77454813602698,0.9979199999999999,1.3987980271305887,True,11.90006392296144
chain,6,1.0,0.5,single_flip,nan,0.016852751638322058,0.0012422382716152016,2577.0464311190453,0.14119600000000002,1.0009242984025553,False,10.241932316991697
chain,6,1.0,0.5,uniform,nan,0.03439179688297099,0.0011542201162268557,4536.1265175812,0.076008,1.000942910101431,False,10.241932316991697
chain,6,1.0,0.5,walk_g0,0.020814119919762675,0.015716813406361083,0.0013804035583058647,2015.9175453382952,0.660996,1.0007202552507048,False,10.241932316991697
chain,6,1.0,0.5,walk_g0.03,0.016212357031216595,0.01380121151468935,0.0006705247697945218,1825.2197145625626,0.6816760000000001,1.0019367171549511,False,10.241932316991697
chain,6,1.0,0.5,walk_g0.1,0.0105271799408454,0.010144851317119351,0.0007012756191531943,1299.6290153660127,0.7296119999999999,1.000850175118325,False,10.241932316991697
chain,6,1.0,0.5,walk_g0.3,0.005100071002967721,0.004416769560054404,0.00042781250267946805,548.5770865299934,0.8224199999999999,1.0034679058566707,False,10.241932316991697
chain,6,1.0,0.5,walk_g1,0.0017518477023065193,0.0017008413316458298,0.00022577703535526811,214.78637971694525,0.9264880000000002,1.011033054239221,False,10.241932316991697
chain,6,1.0,0.5,walk_g3,0.0006007104103685768,0.0007319260567291764,0.00011944845440813577,97.20047365211886,0.972584,1.0293104539658775,False,10.241932316991697
chain,6,1.0,0.5,walk_g10,0.00018155716462653348,0.0006604907525129273,0.00015337239785914017,93.58229383054825,0.9915160000000001,1.2095137391146067,True,10.241932316991697
sk,6,0.1,0.05,single_flip,nan,0.11951769557100678,0.006021152309511516,19686.08047587875,0.036416,1.0318759484899847,False,4.290212800527455
sk,6,0.1,0.05,uniform,nan,0.050095401250947136,0.0022423630418349637,7931.309780880392,0.041984,1.0005772718818084,False,4.290212800527455
sk,6,0.1,0.05,walk_g0,9.633661646191172e-10,0.006212037412419465,0.0009205784967516157,742.4571344843101,0.9826360000000001,1.0266720926962176,False,4.290212800527455
sk,6,0.1,0.05,walk_g0.03,5.621381138354309e-10,0.005319608840936215,0.0005543152013714309,713.4766017967838,0.9829840000000001,1.0276652460880595,False,4.290212800527455
sk,6,0.1,0.05,walk_g0.1,2.142108712632762e-10,0.002492869679635073,0.00025084307169705476,324.69243025205776,0.984564,1.0308362950062198,False,4.290212800527455
sk,6,0.1,0.05,walk_g0.3,4.835343236919698e-11,0.002206705790724176,0.00032881452166069774,277.81707131831445,0.98884,1.0502559459420708,True,4.290212800527455
sk,6,0.1,0.05,walk_g1,1.0308198739039653e-11,0.0012172685355757225,0.00027757716652392143,136.79010759549652,0.9952799999999999,1.0215113088246088,False,4.290212800527455
sk,6,0.1,0.05,walk_g3,3.143263427318743e-12,0.0002711618504645121,7.360802919203992e-05,39.99681917332221,0.9984120000000001,1.0955704987910562,True,4.290212800527455
sk,6,0.1,0.05,walk_g10,9.14601727686204e-13,0.00012300159810443406,1.588055881708924e-05,17.909239437845446,0.99946,1.2008656346473119,True,4.290212800527455
sk,6,0.1,0.15,single_flip,nan,0.11951769557100678,0.006021152309511516,18754.75124448697,0.036416,1.0318759484899847,False,4.198534564043406
sk,6,0.1,0.15,uniform,nan,0.050095401250947136,0.0022423630418349637,7897.837164547552,0.041984,1.0005772718818084,False,4.198534564043406
sk,6,0.1,0.15,walk_g0,8.357746731690874e-06,0.03293822558300909,0.007658669959564038,4320.636722874266,0.836572,1.0244842366477553,False,4.198534564043406
sk,6,0.1,0.15,walk_g0.03,4.130205117580665e-06,0.03581479303740723,0.002286472402108411,4815.197092727196,0.8421559999999999,1.0002530131244387,False,4.198534564043406
sk,6,0.1,0.15,walk_g0.1,1.1592317586961443e-06,0.02211442530793217,0.0012018323421761287,3029.490527508392,0.857432,1.0316046370370089,False,4.198534564043406
sk,6,0.1,0.15,walk_g0.3,1.1344189521089731e-07,0.01136200237902178,0.0004654738128496556,1585.5450599712763,0.898396,1.0211834245141098,False,4.198534564043406
sk,6,0.1,0.15,walk_g1,2.5694051331015544e-09,0.004508381148923756,0.0004862810000313833,592.7002552358415,0.9553040000000002,1.0274262141423574,False,4.198534564043406
sk,6,0.1,0.15,walk_g3,8.332212697581554e-11,0.002817845285069711,0.0003602241789253338,371.14285598412937,0.983484,1.036462654217983,False,4.198534564043406
sk,6,0.1,0.15,walk_g10,1.0510481374126357e-11,0.0010493078958596978,0.0001967146084253473,142.67025848400547,0.9950319999999999,1.0176779813501153,False,4.198534564043406
sk,6,0.1,0.3,single_flip,nan,0.11951769557100678,0.006021152309511516,16596.598427686542,0.036416,1.0318759484899847,False,4.660421058182436
sk,6,0.1,0.3,uniform,nan,0.050095401250947136,0.0022423630418349637,7913.777912515322,0.041984,1.0005772718818084,False,4.660421058182436
sk,6,0.1,0.3,walk_g0,0.0026152999505019148,0.027275767529984164,0.0014827967800120252,3877.6116139626392,0.5104960000000001,1.0011576294979665,False,4.660421058182436
sk,6,0.1,0.3,walk_g0.03,0.000992734405215523,0.012807680745478977,0.0012502909009352756,1672.376821717325,0.534924,1.0017704755455044,False,4.660421058182436
sk,6,0.1,0.3,walk_g0.1,0.00019065723206923568,0.008243708856130606,0.0010378713234141872,1217.8808441763133,0.585204,1.0101076457871945,False,4.660421058182436
sk,6,0.1,0.3,walk_g0.3,1.31583659622736e-05,0.026897552553673265,0.004114168412307474,3911.7218792635094,0.701464,1.032476335073282,False,4.660421058182436
sk,6,0.1,0.3,walk_g1,2.4828212319416565e-07,0.01296215301426622,0.0012660158718780213,1791.6448905746133,0.86198,1.0347467481230839,False,4.660421058182436
sk,6,0.1,0.3,walk_g3,4.217420745966649e-09,0.0062822860446341885,0.0005190798895071264,829.6222616535233,0.9480359999999999,1.0336166335424124,False,4.660421058182436
sk,6,0.1,0.3,walk_g10,8.090650371883612e-11,0.0023418563886422384,0.0003050497433982677,345.49175479173573,0.983644,1.0428234244619023,False,4.660421058182436
sk,6,0.1,0.5,single_flip,nan,0.11951769557100678,0.006021152309511516,19926.573257992168,0.036416,1.0318759484899847,False,6.3153383003865065
sk,6,0.1,0.5,uniform,nan,0.050095401250947136,0.0022423630418349637,7765.712307043922,0.041984,1.0005772718818084,False,6.3153383003865065
sk,6,0.1,0.5,walk_g0,0.028923726072921818,0.0617964454909502,0.002186490369980504,9054.204477794896,0.340012,1.0003064223648446,False,6.3153383003865065
sk,6,0.1,0.5,walk_g0.03,0.00990755546111921,0.04209603793110306,0.002855634893027218,5922.7973388718265,0.35539600000000005,1.000555047753934,False,6.3153383003865065
sk,6,0.1,0.5,walk_g0.1,0.001531101494959608,0.02088358834565166,0.002299088591329843,3082.426617297761,0.418016,1.0009640969545173,False,6.3153383003865065
sk,6,0.1,0.5,walk_g0.3,7.72179412292795e-05,0.023078328522872817,0.006493021111583497,3387.7493731013537,0.577256,1.0199065718804954,False,6.3153383003865065
sk,6,0.1,0.5,walk_g1,1.2631086386827306e-06,0.018261776120277698,0.0012798670358767413,2538.975106610321,0.7997160000000001,1.026421420927724,False,6.3153383003865065
sk,6,0.1,0.5,walk_g3,2.0720507531990506e-08,0.008423510535340378,0.0005213365992126764,1209.4446818798303,0.922944,1.0279519630960852,False,6.3153383003865065
sk,6,0.1,0.5,walk_g10,2.6479518577815497e-10,0.0030699144754454425,0.00043742796867646,366.3915655691487,0.97522,1.0269512494376836,False,6.3153383003865065
sk,6,0.3,0.05,single_flip,nan,0.0012743056124152835,0.00021442887288447272,208.1268135967734,0.155232,1.0201320616237164,False,4.290212800527455
sk,6,0.3,0.05,uniform,nan,0.050934977244679394,0.002606345406059035,8421.736223866235,0.0785,1.0003379667655765,False,4.290212800527455
sk,6,0.3,0.05,walk_g0,1.1963719917962301e-05,0.0045578074083963424,0.001229304724701554,674.466601088316,0.9873879999999999,1.1060191690083183,True,4.290212800527455
sk,6,0.3,0.05,walk_g0.03,1.1808764078913292e-05,0.004388381540186555,0.0008924222747108139,656.599146898726,0.9866679999999999,1.0884261357523617,True,4.290212800527455
sk,6,0.3,0.05,walk_g0.1,1.0363874843655196e-05,0.0024115563146506367,0.0008278804743578671,372.2004376974129,0.9872399999999999,1.0386616081212627,False,4.290212800527455
sk,6,0.3,0.05,walk_g0.3,6.5898068126735154e-06,0.0022731396557368663,0.00010652484521536288,315.6297719873767,0.9904720000000001,1.1159025511457863,True,4.290212800527455
sk,6,0.3,0.05,walk_g1,2.5817226698698903e-06,0.0010643208871214177,0.00018269616006192784,167.53969314563525,0.9957480000000001,1.045055583562886,False,4.290212800527455
sk,6,0.3,0.05,walk_g3,9.156662117426606e-07,0.00041121420548250376,5.1586679667046416e-05,64.03709119835904,0.9985839999999999,1.1564546051463358,True,4.290212800527455
sk,6,0.3,0.05,walk_g10,2.7969163662877605e-07,0.00020494995321637742,5.4412482429939855e-05,31.911371120584924,0.999484,1.2236616324792544,True,4.290212800527455
sk,6,0.3,0.15,single_flip,nan,0.0012743056124152835,0.00021442887288447272,221.54220250226254,0.155232,1.0201320616237164,False,4.198534564043406
sk,6,0.3,0.15,uniform,nan,0.050934977244679394,0.002606345406059035,8567.758809367087,0.0785,1.0003379667655765,False,4.198534564043406
sk,6,0.3,0.15,walk_g0,0.0002144070675471621,0.0018635865164487154,0.0005929679729853141,289.82694405276686,0.8734999999999999,1.0293379769392421,False,4.198534564043406
sk,6,0.3,0.15,walk_g0.03,0.00017622277974960188,0.0018460545881487066,0.0004948946869982072,283.67561313769045,0.8731120000000001,1.0279072697806073,False,4.198534564043406
sk,6,0.3,0.15,walk_g0.1,0.00012608219951093513,0.0020652555859237815,0.0010428651689516353,296.80087013698665,0.881536,1.026872575532279,False,4.198534564043406
sk,6,0.3,0.15,walk_g0.3,6.854457194316321e-05,0.009482928482085992,0.0028510129575315545,1438.5356269107301,0.911636,1.0844847319596742,True,4.198534564043406
sk,6,0.3,0.15,walk_g1,2.500330426091768e-05,0.00828116517838797,0.0005308522689873848,1298.5338321478503,0.9600479999999999,1.1037568490032363,True,4.198534564043406
sk,6,0.3,0.15,walk_g3,8.690410062128784e-06,0.0023788968257152285,0.0005649592920917496,373.93883314766913,0.9854480000000001,1.1064695093970258,True,4.198534564043406
sk,6,0.3,0.15,walk_g10,2.636132977240635e-06,0.0009904268404678572,0.00016005398452922985,158.65760940539826,0.995628,1.0323713218713362,False,4.198534564043406
sk,6,0.3,0.3,single_flip,nan,0.0012743056124152835,0.00021442887288447272,154.81402469529766,0.155232,1.0201320616237164,False,4.660421058182436
sk,6,0.3,0.3,uniform,nan,0.050934977244679394,0.002606345406059035,7945.254720945954,0.0785,1.0003379667655765,False,4.660421058182436
sk,6,0.3,0.3,walk_g0,0.0062229459787089825,0.01611239910483875,0.00121258176143528,2220.372697501328,0.580604,1.0004725449092509,False,4.660421058182436
sk,6,0.3,0.3,walk_g0.03,0.003175369751189372,0.008647853840389883,0.0007499880770347758,1208.5595260907353,0.5966600000000001,1.0019381836555843,False,4.660421058182436
sk,6,0.3,0.3,walk_g0.1,0.0011167761533177334,0.0035922980112203145,0.0002596757601440308,506.7551753823721,0.634656,1.006544332188396,False,4.660421058182436
sk,6,0.3,0.3,walk_g0.3,0.0003087750685312196,0.0020208283034127035,0.0004049259509258353,276.90748904940887,0.7330080000000001,1.0353873688067494,False,4.660421058182436
sk,6,0.3,0.3,walk_g1,8.730855528049641e-05,0.0034341712317790297,0.0015161203102536417,477.220686743775,0.877476,1.0588134028904588,True,4.660421058182436
sk,6,0.3,0.3,walk_g3,2.8884844833987344e-05,0.005280541093138247,0.001518198403948205,704.036908050942,0.954428,1.089857882619477,True,4.660421058182436
sk,6,0.3,0.3,walk_g10,8.620368312728388e-06,0.0022249717337373925,0.0006462129885153322,304.1628593732323,0.9856359999999998,1.1093755801241267,True,4.660421058182436
sk,6,0.3,0.5,single_flip,nan,0.0012743056124152835,0.00021442887288447272,213.18966745047155,0.155232,1.0201320616237164,False,6.3153383003865065
sk,6,0.3,0.5,uniform,nan,0.050934977244679394,0.002606345406059035,8600.844170379389,0.0785,1.0003379667655765,False,6.3153383003865065
sk,6,0.3,0.5,walk_g0,0.04486312035592854,0.05846932591547891,0.0007096043024806836,8765.214412985588,0.391996,1.0004473821092514,False,6.3153383003865065
sk,6,0.3,0.5,walk_g0.03,0.019441862034530688,0.03692921118858055,0.002542140965610075,5453.346371332203,0.403564,1.0002515511059982,False,6.3153383003865065
sk,6,0.3,0.5,walk_g0.1,0.0047415798460271885,0.013339097783576467,0.0010074992762692113,2009.5881109485367,0.464536,1.002560747697613,False,6.3153383003865065
sk,6,0.3,0.5,walk_g0.3,0.0006961433754633095,0.0025392345214727144,0.0006173481075498495,385.2336846620923,0.617444,1.015980119070817,False,6.3153383003865065
sk,6,0.3,0.5,walk_g1,0.000140679181218073,0.0007473822455160311,0.00015450248399803782,112.11568086688499,0.821932,1.0416634011071781,False,6.3153383003865065
sk,6,0.3,0.5,walk_g3,4.444359984812074e-05,0.005059508483784536,0.0024127669237814235,645.3867501764463,0.93202,1.06167759787999,True,6.3153383003865065
sk,6,0.3,0.5,walk_g10,1.3108897567226663e-05,0.002585631094615548,0.00034800627957346067,392.87275589019623,0.9783560000000001,1.0453044075381186,False,6.3153383003865065
sk,6,1.0,0.05,single_flip,nan,0.16725975028660717,0.0029936959502883964,28448.331896911714,0.480732,1.00026206469737,False,4.290212800527455
sk,6,1.0,0.05,uniform,nan,0.26694045213279805,0.0036406749208269342,44642.507828175076,0.39542,1.0000484453217504,False,4.290212800527455
sk,6,1.0,0.05,walk_g0,0.000956303418237936,0.00490038352114333,0.0003307404799168688,758.1569540458601,0.99118,1.0030850989043811,False,4.290212800527455
sk,6,1.0,0.05,walk_g0.03,0.0009712474029924811,0.004149897584407325,0.0003105173058788227,632.5992130977617,0.991508,1.0052350823877951,False,4.290212800527455
sk,6,1.0,0.05,walk_g0.1,0.0008985527134919291,0.003252906978191976,0.0003707452530376954,472.881768203531,0.991788,1.0030316603373333,False,4.290212800527455
sk,6,1.0,0.05,walk_g0.3,0.0006143408092150748,0.0018743294308954464,0.00029554741845104,283.26272088212926,0.9940719999999998,1.0063849218200211,False,4.290212800527455
sk,6,1.0,0.05,walk_g1,0.0002517124755196942,0.0009180548943184678,0.00010719353014819705,136.06809853610147,0.9972999999999999,1.0386966227815588,False,4.290212800527455
sk,6,1.0,0.05,walk_g3,9.01171453745464e-05,0.00041836355396558173,9.009608999710791e-05,63.58995075961432,0.9991,1.0923778553244803,True,4.290212800527455
sk,6,1.0,0.05,walk_g10,2.7581152229561035e-05,0.00013267884263547177,2.1447202502949396e-05,20.218290935418786,0.999708,1.180157406804918,True,4.290212800527455
sk,6,1.0,0.15,single_flip,nan,0.16725975028660717,0.0029936959502883964,28272.28513029179,0.480732,1.00026206469737,False,4.198534564043406
sk,6,1.0,0.15,uniform,nan,0.26694045213279805,0.0036406749208269342,43954.277728687375,0.39542,1.0000484453217504,False,4.198534564043406
sk,6,1.0,0.15,walk_g0,0.010181397284840799,0.041771817391496054,0.0014248839500155895,6306.666274082704,0.916692,1.0002483778802262,False,4.198534564043406
sk,6,1.0,0.15,walk_g0.03,0.009878793446979173,0.038060334195568736,0.0017394222942198158,5839.507349997561,0.918492,1.0005794890308894,False,4.198534564043406
sk,6,1.0,0.15,walk_g0.1,0.008708559916303371,0.029291360730428862,0.0012120277786933688,4426.042037449922,0.9234720000000001,1.000718781407518,False,4.198534564043406
sk,6,1.0,0.15,walk_g0.3,0.00576454705089624,0.018426014550987708,0.0004333598345429725,2681.647834834647,0.9455559999999998,1.0005376326758397,False,4.198534564043406
sk,6,1.0,0.15,walk_g1,0.0023487462695753747,0.007094015601098322,0.0005175956847418208,1074.0898337630629,0.9753999999999999,1.0015922572812186,False,4.198534564043406
sk,6,1.0,0.15,walk_g3,0.000843874108681697,0.003079166277438478,0.00019101533445422639,470.52716357021535,0.9911519999999999,1.0112766215613307,False,4.198534564043406
sk,6,1.0,0.15,walk_g10,0.00025887767992027744,0.0008478633531557075,3.9279111793314326e-05,129.56719473224638,0.997308,1.0283148144288636,False,4.198534564043406
sk,6,1.0,0.3,single_flip,nan,0.16725975028660717,0.0029936959502883964,24974.227156714216,0.480732,1.00026206469737,False,4.660421058182436
sk,6,1.0,0.3,uniform,nan,0.26694045213279805,0.0036406749208269342,46095.1559741385,0.39542,1.0000484453217504,False,4.660421058182436
sk,6,1.0,0.3,walk_g0,0.047470654317033345,0.1339737956739084,0.006517892233812717,20519.206809637795,0.734492,1.0000745169246092,False,4.660421058182436
sk,6,1.0,0.3,walk_g0.03,0.04006014481625775,0.11616615949114868,0.003910026181120807,17985.455647802886,0.742712,1.0001889367553185,False,4.660421058182436
sk,6,1.0,0.3,walk_g0.1,0.030657500664399095,0.08884921058513849,0.0011872489143654802,13757.100118268025,0.767324,1.00003312671076,False,4.660421058182436
sk,6,1.0,0.3,walk_g0.3,0.018604270060449513,0.052589203550931427,0.0017960147565988071,8067.663818568681,0.831872,1.0002934430984252,False,4.660421058182436
sk,6,1.0,0.3,walk_g1,0.007486114281091361,0.023104059197685226,0.0009353819726975359,3545.344639727847,0.9243919999999999,1.0015132711747403,False,4.660421058182436
sk,6,1.0,0.3,walk_g3,0.002715143291009081,0.007800265036563095,0.00017028854466317626,1167.6646605427693,0.971036,1.0025640359050896,False,4.660421058182436
sk,6,1.0,0.3,walk_g10,0.0008378828907524838,0.002685438586182182,0.0002746377552869996,403.4346245773251,0.9910960000000001,1.0070389407944813,False,4.660421058182436
sk,6,1.0,0.5,single_flip,nan,0.16725975028660717,0.0029936959502883964,27592.177608540118,0.480732,1.00026206469737,False,6.3153383003865065
sk,6,1.0,0.5,uniform,nan,0.26694045213279805,0.0036406749208269342,45575.74514097804,0.39542,1.0000484453217504,False,6.3153383003865065
sk,6,1.0,0.5,walk_g0,0.11695486675185451,0.19172547101849174,0.0034704498424698816,27429.22307662728,0.61078,1.0000594786098504,False,6.3153383003865065
sk,6,1.0,0.5,walk_g0.03,0.0818563105559712,0.1599632264405005,0.003942129089367556,24087.653417541886,0.6154000000000001,1.0001908193073705,False,6.3153383003865065
sk,6,1.0,0.5,walk_g0.1,0.052035750017809024,0.12894732963000513,0.0017387993900723315,18806.884742682178,0.6562840000000001,1.00015403721239,False,6.3153383003865065
sk,6,1.0,0.5,walk_g0.3,0.028395555346012902,0.07606890174298161,0.0018417439295937382,11255.389388956453,0.7584479999999999,1.000048965307556,False,6.3153383003865065
sk,6,1.0,0.5,walk_g1,0.011189008748702989,0.031094026559736733,0.0014902888818290971,4689.132518777585,0.889592,1.0004269280526785,False,6.3153383003865065
sk,6,1.0,0.5,walk_g3,0.004080855995435062,0.011772197255677358,0.0007913322216587151,1742.295982019829,0.9582559999999999,1.0006270095695768,False,6.3153383003865065
sk,6,1.0,0.5,walk_g10,0.0012646508286847657,0.00404978965489716,0.0003357509530070293,617.281962067724,0.9875360000000001,1.0073358553739211,False,6.3153383003865065
